net1,stn1,net2,stn2,dist_km,quartile,c_min_source,best_delta_km_s,c_min_km_s,nw_high,target_nws
XV,ANLA,XV,BARY,282.13066736496006,1,reference_curve_fallback,0.0,1.222631066,11.701703918971152,"[17.55, 11.7, 8.19, 5.27, 2.93]"
XV,ANTS,XV,MAJA,193.2648913547346,1,round1_converged_pick,-0.14999999999999947,1.0726310660000005,14.986540057346769,"[22.48, 14.99, 10.49, 6.74, 3.75]"
AF,SKRH,XV,MMBE,184.2373938328204,1,reference_curve_fallback,0.0,1.222631066,17.91932390751383,"[26.88, 17.92, 12.54, 8.06, 4.48]"
XV,ZAKA,XV,ZOBE,130.33107906025043,1,round1_converged_pick,0.7500000000000013,1.9726310660000013,40.869737858182575,"[61.3, 40.87, 28.61, 18.39, 10.22]"
AF,SKRH,XV,BAND,290.2947750643846,1,round1_converged_pick,-0.2999999999999996,0.9226310660000003,8.582085348983448,"[12.87, 8.58, 6.01, 3.86, 2.15]"
XV,ANTS,XV,MKVA,236.9690797367913,1,round1_converged_pick,0.6000000000000012,1.8226310660000011,20.768783595872627,"[31.15, 20.77, 14.54, 9.35, 5.19]"
XV,LAHA,XV,MKVA,92.08806281530188,1,round1_converged_pick,0.350000000000001,1.572631066000001,46.113436488327125,"[69.17, 46.11, 32.28, 20.75, 11.53]"
XV,BITY,XV,ZAKA,288.0615071406686,1,reference_curve_fallback,0.0,1.222631066,11.460779917235968,"[17.19, 11.46, 8.02, 5.16, 2.87]"
XV,BATG,XV,BITY,156.66686417707885,1,round1_converged_pick,0.7000000000000013,1.9226310660000012,33.137731856932504,"[49.71, 33.14, 23.2, 14.91, 8.28]"
XV,BITY,XV,VINA,280.480526686413,1,round1_converged_pick,0.8000000000000014,2.0226310660000015,19.47233057670622,"[29.21, 19.47, 13.63, 8.76, 4.87]"
XV,BAEL,XV,SOLA,147.45856723109674,1,reference_curve_fallback,0.0,1.222631066,22.388726528127307,"[33.58, 22.39, 15.67, 10.07, 5.6]"
XV,BAEL,XV,DGOS,259.62272556499494,1,reference_curve_fallback,0.0,1.222631066,12.71618086892017,"[19.07, 12.72, 8.9, 5.72, 3.18]"
XV,MAJA,XV,ZOBE,280.67645257299705,1,round1_converged_pick,0.400000000000001,1.622631066000001,15.610534819720867,"[23.42, 15.61, 10.93, 7.02, 3.9]"
XV,BITY,XV,MAGY,222.9883795824174,1,reference_curve_fallback,0.0,1.222631066,14.80529856375895,"[22.21, 14.81, 10.36, 6.66, 3.7]"
XV,BKTA,XV,MAHA,234.1279856366596,1,reference_curve_fallback,0.0,1.222631066,14.100875326753624,"[21.15, 14.1, 9.87, 6.35, 3.53]"
XV,ANLA,XV,BANJ,464.5086029887382,2,reference_curve_fallback,0.0,1.222631066,7.107316236393885,"[10.66, 7.11, 4.98, 3.2, 1.78]"
XV,MAHA,XV,TANS,473.2200447106886,2,reference_curve_fallback,0.0,1.222631066,6.9764786442739855,"[10.46, 6.98, 4.88, 3.14, 1.74]"
XV,ANLA,XV,BAEL,360.2441188250598,2,reference_curve_fallback,0.0,1.222631066,9.164367614755472,"[13.75, 9.16, 6.42, 4.12, 2.29]"
XV,VINA,XV,ZAKA,340.1832678221557,2,round1_converged_pick,0.7500000000000013,1.9726310660000013,15.658021836486071,"[23.49, 15.66, 10.96, 7.05, 3.91]"
XV,KIRI,XV,MAGY,459.76660095556514,2,round1_converged_pick,0.5500000000000012,1.772631066000001,10.410819372303877,"[15.62, 10.41, 7.29, 4.68, 2.6]"
XV,ANLA,XV,MKVA,402.0644351455685,2,reference_curve_fallback,0.0,1.222631066,8.211145397058598,"[12.32, 8.21, 5.75, 3.7, 2.05]"
XV,BERG,XV,TANS,371.2133680479069,2,reference_curve_fallback,0.0,1.222631066,8.893563163760946,"[13.34, 8.89, 6.23, 4.0, 2.22]"
XV,BAEL,XV,ZAKA,369.38632954026906,2,round1_converged_pick,0.8000000000000014,2.0226310660000015,14.78562983845102,"[22.18, 14.79, 10.35, 6.65, 3.7]"
XV,BITY,XV,BKTA,478.2207678185678,2,reference_curve_fallback,0.0,1.222631066,6.90352606605956,"[10.36, 6.9, 4.83, 3.11, 1.73]"
XV,MAGY,XV,VINA,415.10599666943153,2,round1_converged_pick,0.350000000000001,1.572631066000001,10.229910119434358,"[15.34, 10.23, 7.16, 4.6, 2.56]"
XV,BITY,XV,MAJA,485.1194711548195,2,round1_converged_pick,0.8000000000000014,2.0226310660000015,11.258277312525152,"[16.89, 11.26, 7.88, 5.07, 2.81]"
XV,MAJA,XV,TANS,373.7661283131556,2,reference_curve_fallback,0.0,1.222631066,8.832821611915707,"[13.25, 8.83, 6.18, 3.97, 2.21]"
XV,CPSM,XV,LONA,315.6927975625672,2,reference_curve_fallback,0.0,1.222631066,10.457665051139449,"[15.69, 10.46, 7.32, 4.71, 2.61]"
XV,ANLA,XV,MAJA,390.5484399552667,2,reference_curve_fallback,0.0,1.222631066,8.453265198920375,"[12.68, 8.45, 5.92, 3.8, 2.11]"
XV,DGOS,XV,MAJA,497.32582689817343,2,reference_curve_fallback,0.0,1.222631066,6.6383231222022525,"[9.96, 6.64, 4.65, 2.99, 1.66]"
XV,AMPY,XV,ZOBE,774.0784290709502,3,reference_curve_fallback,0.0,1.222631066,4.264954831423032,"[6.4, 4.26, 2.99, 1.92, 1.07]"
XV,BAEL,XV,BAND,726.5937166799246,3,reference_curve_fallback,0.0,1.222631066,4.543680271626709,"[6.82, 4.54, 3.18, 2.04, 1.14]"
XV,BAND,XV,MAJA,520.1138119790588,3,round1_converged_pick,0.7500000000000013,1.9726310660000013,10.241214352102164,"[15.36, 10.24, 7.17, 4.61, 2.56]"
XV,ANLA,XV,KIRI,569.1643581670085,3,reference_curve_fallback,0.0,1.222631066,5.800450236551487,"[8.7, 5.8, 4.06, 2.61, 1.45]"
XV,LONA,XV,MAGY,621.5962780610137,3,round1_converged_pick,0.8000000000000014,2.0226310660000015,8.786425737623887,"[13.18, 8.79, 6.15, 3.95, 2.2]"
XV,KIRI,XV,MAJA,517.0233053542738,3,round1_converged_pick,0.2500000000000009,1.4726310660000008,7.691088573351158,"[11.54, 7.69, 5.38, 3.46, 1.92]"
XV,LAHA,XV,MAGY,506.97561146144574,3,reference_curve_fallback,0.0,1.222631066,6.511969138810465,"[9.77, 6.51, 4.56, 2.93, 1.63]"
XV,ANTS,XV,VATO,505.4047965328043,3,round1_converged_pick,0.5000000000000011,1.722631066000001,9.203582094742913,"[13.81, 9.2, 6.44, 4.14, 2.3]"
XV,MAJA,XV,MMBE,742.3337481620018,3,reference_curve_fallback,0.0,1.222631066,4.447338604961313,"[6.67, 4.45, 3.11, 2.0, 1.11]"
XV,LONA,XV,ZOBE,602.3219057842366,3,reference_curve_fallback,0.0,1.222631066,5.481138082912643,"[8.22, 5.48, 3.84, 2.47, 1.37]"
G,FOMA,XV,MARO,593.3160293589796,3,reference_curve_fallback,0.0,1.222631066,5.564335653519007,"[8.35, 5.56, 3.9, 2.5, 1.39]"
G,FOMA,XV,VATO,660.6200204814663,3,reference_curve_fallback,0.0,1.222631066,4.997440939740821,"[7.5, 5.0, 3.5, 2.25, 1.25]"
XV,MAHA,XV,ZOBE,561.8601566946433,3,reference_curve_fallback,0.0,1.222631066,5.875856290270343,"[8.81, 5.88, 4.11, 2.64, 1.47]"
XV,BANJ,XV,BATG,630.4486211080945,3,reference_curve_fallback,0.0,1.222631066,5.236603627055046,"[7.85, 5.24, 3.67, 2.36, 1.31]"
XV,LAHA,XV,VATO,508.3041534759519,3,reference_curve_fallback,0.0,1.222631066,6.494948965870866,"[9.74, 6.49, 4.55, 2.92, 1.62]"
XV,BATG,XV,DGOS,808.2897318371334,4,reference_curve_fallback,0.0,1.222631066,4.084438297221519,"[6.13, 4.08, 2.86, 1.84, 1.02]"
AF,SKRH,XV,BAEL,1013.653280762859,4,reference_curve_fallback,0.0,1.222631066,3.2569415979021077,"[4.89, 3.26, 2.28, 1.47, 0.81]"
XV,BAEL,XV,LONA,1031.5599231211452,4,reference_curve_fallback,0.0,1.222631066,3.2004050002035473,"[4.8, 3.2, 2.24, 1.44, 0.8]"
XV,LONA,XV,SOLA,906.3292924882792,4,reference_curve_fallback,0.0,1.222631066,3.6426159491134333,"[5.46, 3.64, 2.55, 1.64, 0.91]"
XV,DGOS,XV,MAGY,783.3665617980087,4,round1_converged_pick,0.2500000000000009,1.4726310660000008,5.076131953908746,"[7.61, 5.08, 3.55, 2.28, 1.27]"
XV,KIRI,XV,MKVA,874.0878416212104,4,reference_curve_fallback,0.0,1.222631066,3.776976842331116,"[5.67, 3.78, 2.64, 1.7, 0.94]"
XV,DGOS,XV,KIRI,1000.4631727403766,4,reference_curve_fallback,0.0,1.222631066,3.299881120984776,"[4.95, 3.3, 2.31, 1.48, 0.82]"
XV,DGOS,XV,MMBE,1229.8383167364768,4,reference_curve_fallback,0.0,1.222631066,2.6844256607056978,"[4.03, 2.68, 1.88, 1.21, 0.67]"
XV,AMPY,XV,BANJ,1289.8935840072404,4,reference_curve_fallback,0.0,1.222631066,2.559443334627803,"[3.84, 2.56, 1.79, 1.15, 0.64]"
G,FOMA,XV,DGOS,1433.4305574579778,4,reference_curve_fallback,0.0,1.222631066,2.3031527539228445,"[3.45, 2.3, 1.61, 1.04, 0.58]"
XV,BAEL,XV,MAHA,966.2056856327284,4,reference_curve_fallback,0.0,1.222631066,3.416880675675741,"[5.13, 3.42, 2.39, 1.54, 0.85]"
XV,MAHA,XV,MKVA,1035.1045263077913,4,reference_curve_fallback,0.0,1.222631066,3.1894455603847067,"[4.78, 3.19, 2.23, 1.44, 0.8]"
XV,AMPY,XV,ANTS,1143.5500892615876,4,reference_curve_fallback,0.0,1.222631066,2.886982885111997,"[4.33, 2.89, 2.02, 1.3, 0.72]"
XV,BANJ,XV,MAHA,1062.60491611923,4,reference_curve_fallback,0.0,1.222631066,3.1069021852671947,"[4.66, 3.11, 2.17, 1.4, 0.78]"
XV,BAND,XV,LAHA,780.3232850616911,4,reference_curve_fallback,0.0,1.222631066,4.230822787385482,"[6.35, 4.23, 2.96, 1.9, 1.06]"
